Video ID,YouTube Video ID,Video Title,Channel Name,Channel Handle,Channel URL,Search Query Category,Duration,Thumbnail URL,Embed URL,Video Watch URL,Published Date,Key Takeaway,Views Estimate,Status
"vid-biz-2026-09-05-001","J3e3m8X_Pmc","The Future of Music Distribution & Independent Artist Leverage","Trapital","@Trapital","https://www.youtube.com/@Trapital","music_business_news","42:18","https://i.ytimg.com/vi/J3e3m8X_Pmc/hqdefault.jpg","https://www.youtube-nocookie.com/embed/J3e3m8X_Pmc","https://www.youtube.com/watch?v=J3e3m8X_Pmc","2026-09-05","Independent labels and creators must treat distribution as commoditized plumbing while building proprietary fan communication channels.","185K views","published"
"vid-biz-2026-09-05-002","Lq1a6z-431A","How Musicians Are ACTUALLY Getting Rich in 2026: Taylor Swift vs Beyoncé vs Dr. Dre","Trapital","@Trapital","https://www.youtube.com/@Trapital","music_business_news","28:45","https://i.ytimg.com/vi/Lq1a6z-431A/hqdefault.jpg","https://www.youtube-nocookie.com/embed/Lq1a6z-431A","https://www.youtube.com/watch?v=Lq1a6z-431A","2026-09-05","Catalogue equity and direct enterprise ownership create 10x more lasting wealth than traditional streaming revenue splits.","310K views","published"
"vid-biz-2026-09-05-003","rKWHRVBhsZ4","How Independent Artists Use Short-Form Video Algorithms to Scale Tour Grosses","Trapital","@Trapital","https://www.youtube.com/@Trapital","music_business_news","21:10","https://i.ytimg.com/vi/rKWHRVBhsZ4/hqdefault.jpg","https://www.youtube-nocookie.com/embed/rKWHRVBhsZ4","https://www.youtube.com/watch?v=rKWHRVBhsZ4","2026-09-05","Converting viral short-form viewers into localized SMS/ticket buyers within 72 hours is the single highest ROI marketing activity.","145K views","published"
"vid-ind-2026-09-05-004","sO7wWz8F52Y","AI, Algorithms, and Authenticity: Troy Carter & Dan Runcie on the Next Record Industry","Trapital","@Trapital","https://www.youtube.com/@Trapital","music_industry_news","38:50","https://i.ytimg.com/vi/sO7wWz8F52Y/hqdefault.jpg","https://www.youtube-nocookie.com/embed/sO7wWz8F52Y","https://www.youtube.com/watch?v=sO7wWz8F52Y","2026-09-05","As synthetic audio floods streaming DSPs, human artist personality and live connection become the scarcest, highest-priced assets.","98K views","published"
"vid-ind-2026-09-05-005","eYwGobQECTg","Harmonic Structure & Classical Composition Insights in Modern Music Analysis","Rick Beato (Everything Music)","@RickBeato","https://www.youtube.com/@RickBeato","music_industry_news","24:35","https://i.ytimg.com/vi/eYwGobQECTg/hqdefault.jpg","https://www.youtube-nocookie.com/embed/eYwGobQECTg","https://www.youtube.com/watch?v=eYwGobQECTg","2026-09-05","Understanding harmonic depth and voice leading gives producers the tools to create timeless compositions that resist algorithmic fatigue.","420K views","published"
"vid-pod-2026-09-05-006","0MDVm1iMr2g","The Step-by-Step Music Release Strategy: Stop Wasting Your Releases","Damien Keyes","@DamienKeyes","https://www.youtube.com/@DamienKeyes","music_podcasts","18:22","https://i.ytimg.com/vi/0MDVm1iMr2g/hqdefault.jpg","https://www.youtube-nocookie.com/embed/0MDVm1iMr2g","https://www.youtube.com/watch?v=0MDVm1iMr2g","2026-09-05","A successful single release requires 4 weeks of pre-release narrative building and 6 weeks of post-release content variations.","115K views","published"
"vid-pod-2026-09-05-007","MCNZ_YpQzfI","Sungazer Plus Live at the Blue Note: Advanced Modern Harmony & Rhythmic Phrasing","Adam Neely","@AdamNeely","https://www.youtube.com/@AdamNeely","music_podcasts","52:14","https://i.ytimg.com/vi/MCNZ_YpQzfI/hqdefault.jpg","https://www.youtube-nocookie.com/embed/MCNZ_YpQzfI","https://www.youtube.com/watch?v=MCNZ_YpQzfI","2026-09-05","Polyrhythmic structuring and microtonal voice leading can be integrated smoothly into contemporary groove-based arrangements.","280K views","published"
"vid-prod-2026-09-05-008","T93y4b3vIuo","Mixing Vocals to Sit Perfectly in the Mix: Gain Staging, EQ & Compression","Produce Like A Pro (Warren Huart)","@ProduceLikeAPro","https://www.youtube.com/@ProduceLikeAPro","music_production_masterclasses","26:40","https://i.ytimg.com/vi/T93y4b3vIuo/hqdefault.jpg","https://www.youtube-nocookie.com/embed/T93y4b3vIuo","https://www.youtube.com/watch?v=T93y4b3vIuo","2026-09-05","Stacking two gentle compressors (fast FET peak limiter + slow optical leveler) produces a punchy vocal that never jumps out of the mix.","850K views","published"
"vid-prod-2026-09-05-009","R94a_iS3e4M","5 Quick Vocal Mixing Tricks for Modern Clarity and Space","Produce Like A Pro (Warren Huart)","@ProduceLikeAPro","https://www.youtube.com/@ProduceLikeAPro","music_production_masterclasses","14:15","https://i.ytimg.com/vi/R94a_iS3e4M/hqdefault.jpg","https://www.youtube-nocookie.com/embed/R94a_iS3e4M","https://www.youtube.com/watch?v=R94a_iS3e4M","2026-09-05","Parallel harmonic saturation and dynamic sibilance control allow high-frequency sparkle without harshness.","420K views","published"
"vid-prod-2026-09-05-010","rgaTLrZGlm0","Music Theory in 16 Minutes: Everything Producers Need to Know","Andrew Huang","@AndrewHuang","https://www.youtube.com/@AndrewHuang","music_production_masterclasses","16:00","https://i.ytimg.com/vi/rgaTLrZGlm0/hqdefault.jpg","https://www.youtube-nocookie.com/embed/rgaTLrZGlm0","https://www.youtube.com/watch?v=rgaTLrZGlm0","2026-09-05","Mastering circle of fifths, scale degrees, and chord inversions allows producers to compose emotionally resonant chord progressions instantly.","4.8M views","published"
"vid-prod-2026-09-05-011","KFb_rXmh4hA","Mac Ayres: Tiny Desk Concert (Live R&B Arrangement & Vocal Performance)","NPR Music","@nprmusic","https://www.youtube.com/@nprmusic","music_production_masterclasses","19:45","https://i.ytimg.com/vi/KFb_rXmh4hA/hqdefault.jpg","https://www.youtube-nocookie.com/embed/KFb_rXmh4hA","https://www.youtube.com/watch?v=KFb_rXmh4hA","2026-09-05","Dynamic ensemble control and pocket rhythm section playing elevate studio soul compositions into unforgettable live experiences.","145K views","published"