Article ID,Date Ingested,Platform ID,Platform Name,Article Title,Original URL,Author,Summary / Dek,Takeaway Bullet 1,Takeaway Bullet 2,Takeaway Bullet 3,Category,Tags,Read Time (Mins),Status
"adn-art-2026-09-05-001","2026-09-05","plat-mbw","Music Business Worldwide","Spotify 1,000-Stream Minimum Rule: Financial Redistribution Analysis for Independent Catalogues","https://www.musicbusinessworldwide.com/spotify-1000-stream-minimum-rule-independent-catalogues/","Tim Ingham","An investigative analysis into track de-monetization thresholds, distributor auto-takedowns, and how boutique aggregators are adapting.","Over $38M in micro-royalties redistributed to the top 0.5% of catalogue holders in 2025-2026.","DistroKid, TuneCore, and CD Baby introduced automated velocity warnings for sub-threshold tracks.","Independent labels are pivoting to localized D2C vinyl, cassette, and direct membership funnels.","financial","Spotify | Royalties | Streaming | Independent Artist","4","published"
"adn-art-2026-09-05-002","2026-09-05","plat-billboard-biz","Billboard Pro","Universal Music Group & Sony Expand Direct Producer Signing Programs to Combat AI Dilution","https://www.billboard.com/pro/umg-sony-expand-producer-direct-programs/","Dan Rys","Major labels are locking up human beatmakers and mix engineers on multi-year development deals to establish clean provenance.","Direct advance guarantees for top 500 urban and pop producers who certify 100% human-created stems.","Publishing deals now mandate cryptographic watermark stamping on all registered DAW project files.","A&R scouting increasingly focuses on live session proficiency over algorithmic TikTok virality.","legal","UMG | Sony Music | AI Music | Producers","3","published"
"adn-art-2026-09-05-003","2026-09-05","plat-trapital","Trapital","The Death of the 360 Deal: How New-Era Master Licensing Pacts Give Artists 80% Retention","https://trapital.co/death-of-360-deal-master-licensing-reigns/","Dan Runcie","Boutique indie labels like AWAL, Empire, and create.music group are winning top talent with 3-year term licenses and zero merchandise deductions.","Standard term length shortened from perpetuity to 36–60 month exclusive distribution windows.","Merchandise, touring, and brand endorsements remain 100% artist-owned in 84% of 2026 contracts.","Label service fees capped at 15–20% of net master collections.","financial","Contracts | Empire | AWAL | Master Rights","5","published"
"adn-art-2026-09-05-004","2026-09-05","plat-sound-on-sound","Sound On Sound","Apple Music Spatial Audio Payout Multiplier: Is Dolby Atmos Mixing Worth the Studio Overhead?","https://www.soundonsound.com/techniques/apple-music-spatial-audio-royalty-multiplier","Paul White","With Apple paying up to a 10% bonus on Spatial Audio streams, we calculate the break-even ROI for indie mix engineers.","Average Dolby Atmos mix cost: $400–$800 per song at certified 7.1.4 mixing facilities.","Break-even threshold requires roughly 65,000 Apple Music streams to recoup Atmos mix overhead.","Editorial playlist placement favors Spatial tracks on flagship global playlists.","streaming","Apple Music | Dolby Atmos | Audio Engineering | Spatial Audio","4","published"
"adn-art-2026-09-05-005","2026-09-05","plat-pitchfork","Pitchfork","TikTok Launches Direct Fan Subscriptions & Stem Marketplace for Verified Creators","https://pitchfork.com/news/tiktok-direct-fan-subscriptions-stem-marketplace/","Matthew Strauss","ByteDance rolls out integrated audio stems, VIP fan circles, and pre-release listening rooms directly within TikTok Music.","Creators can sell sample packs, MIDI presets, and vocal acapellas inside video descriptions.","70/30 creator revenue split with zero third-party payment gateway friction.","Early testing shows 4.2x higher conversion compared to external Linktree bio pages.","marketing","TikTok | D2C | Social Commerce | Monetization","3","published"
"adn-art-2026-09-05-006","2026-09-05","plat-the-mlc","The Mechanical Licensing Collective (The MLC)","The MLC Distributes Over $2 Billion in Royalties: How Indie Songwriters Can Claim Unmatched Pools","https://www.themlc.com/news/mlc-distributes-2-billion-royalties","Kris Ahrend","The Mechanical Licensing Collective surpasses $2B in cumulative payouts, releasing new search tools for unclaimed digital mechanicals.","Public Works Database now indexes over 34 million musical works with automated ISWC match assist.","Songwriters must ensure their publisher or administrator has claimed all derivative acoustic and live versions.","Unmatched historical black box distributions scheduled for final audit in Q4.","legal","The MLC | Publishing | Mechanical Royalties | Copyright","4","published"
"adn-art-2026-09-05-007","2026-09-05","plat-midia-research","MIDiA Research","Global Music Streaming Market Share Report 2026: The Rise of the Direct Artist Economy","https://www.midiaresearch.com/blog/global-music-streaming-market-share-2026","Mark Mulligan","Independent self-releasing artists and boutique label services expand their global recording market share to 34.8%.","Major record labels experience market share dilution as long-tail catalog consumption diversifies.","Superfan monetization (memberships, vinyl bundles) generates 22% higher ARPU than standard streaming subscriptions.","Latin America and Sub-Saharan Africa lead global stream growth at 28% YoY.","financial","MIDiA | Market Share | Streaming | Indie Music","5","published"
"adn-art-2026-09-05-008","2026-09-05","plat-attack-mag","Attack Magazine","Beat Dissected: Programming 140 BPM UK Garage & Speed Garage Basslines in Modern DAWs","https://www.attackmagazine.com/technique/beat-dissected/programming-140-bpm-uk-garage/","Greg Scarth","A comprehensive step-by-step production breakdown of shuffle swing, FM donk bass synthesis, and vocal chop processing.","Setting DAW groove templates to 57%–62% swing delivers the classic London speed garage bounce.","Sidechain multiband compression prevents 808 sub-bass clashing with transient kick drums.","Pitch-shifting vocal formants +2 semitones adds unmistakable retro rave energy.","tutorials","Beatmaking | UK Garage | Sound Design | Ableton","4","published"
"adn-art-2026-09-05-009","2026-09-05","plat-resident-advisor","Resident Advisor","Club Culture & Venue Preservation: How European Nightlife Funds Are Protecting Independent Spaces","https://ra.co/news/european-nightlife-preservation-funds-2026","Will Lynch","Berlin and London municipal councils allocate emergency cultural subsidies to insulate iconic clubs against gentrification.","Nightlife venues officially classified as cultural institutions eligible for reduced VAT rates.","Acoustic insulation grants allow venues to operate late-night hours without residential noise complaints.","Grassroots promoter collectives receive direct booking subsidies for emerging local talent.","social","Club Culture | Resident Advisor | Electronic Music | Nightlife","4","published"
"adn-art-2026-09-05-009","2026-09-05","plat-water-and-music","Water & Music","AI Voice Models & Synchronization: The Legal State of Generative Audio Licensing","https://waterandmusic.com/ai-voice-models-sync-licensing-2026/","Cherie Hu","Examining how Hollywood studios and commercial brand agencies are structuring consent agreements for synthetic voice clones.","Name, Image, and Likeness (NIL) legislation expanding to protect vocal timbre and signature cadence.","Master licenses now require explicit addendums disclaiming unauthorized synthetic model training.","Certified human-created audio commands a 35% premium in commercial advertising sync briefs.","tech-ai","AI Music | Copyright | Sync Licensing | Voice Models","5","published"